Freq [GHz],"dB(S(1,1)) []","ang_deg(S(1,1)) [deg]"
2,-0.005075858,-46.10496076
2.0015,-0.005080711,-46.14264316
2.003,-0.005085574,-46.18034052
2.0045,-0.005090447,-46.21805291
2.006,-0.00509533,-46.25578041
2.0075,-0.005100223,-46.29352311
2.009,-0.005105126,-46.33128109
2.0105,-0.005110039,-46.36905442
2.012,-0.005114963,-46.4068432
2.0135,-0.005119897,-46.4446475
2.015,-0.005124841,-46.48246742
2.0165,-0.005129795,-46.52030303
2.018,-0.00513476,-46.55815443
2.0195,-0.005139735,-46.59602169
2.021,-0.00514472,-46.6339049
2.0225,-0.005149716,-46.67180416
2.024,-0.005154723,-46.70971955
2.0255,-0.00515974,-46.74765116
2.027,-0.005164768,-46.78559908
2.0285,-0.005169806,-46.8235634
2.03,-0.005174855,-46.86154421
2.0315,-0.005179915,-46.8995416
2.033,-0.005184986,-46.93755567
2.0345,-0.005190067,-46.97558651
2.036,-0.00519516,-47.01363422
2.0375,-0.005200263,-47.05169888
2.039,-0.005205377,-47.0897806
2.0405,-0.005210503,-47.12787946
2.042,-0.005215639,-47.16599558
2.0435,-0.005220787,-47.20412904
2.045,-0.005225946,-47.24227995
2.0465,-0.005231116,-47.2804484
2.048,-0.005236297,-47.31863449
2.0495,-0.005241489,-47.35683833
2.051,-0.005246693,-47.39506002
2.0525,-0.005251909,-47.43329966
2.054,-0.005257135,-47.47155736
2.0555,-0.005262374,-47.50983321
2.057,-0.005267624,-47.54812733
2.0585,-0.005272885,-47.58643982
2.06,-0.005278159,-47.62477079
2.0615,-0.005283444,-47.66312034
2.063,-0.005288741,-47.70148859
2.0645,-0.005294049,-47.73987564
2.066,-0.00529937,-47.77828161
2.0675,-0.005304702,-47.81670661
2.069,-0.005310047,-47.85515075
2.0705,-0.005315404,-47.89361415
2.072,-0.005320772,-47.93209691
2.0735,-0.005326153,-47.97059915
2.075,-0.005331547,-48.009121
2.0765,-0.005336952,-48.04766257
2.078,-0.00534237,-48.08622397
2.0795,-0.0053478,-48.12480533
2.081,-0.005353243,-48.16340676
2.0825,-0.005358699,-48.2020284
2.084,-0.005364167,-48.24067035
2.0855,-0.005369647,-48.27933275
2.087,-0.005375141,-48.31801572
2.0885,-0.005380647,-48.35671939
2.09,-0.005386166,-48.39544388
2.0915,-0.005391698,-48.43418932
2.093,-0.005397243,-48.47295583
2.0945,-0.005402801,-48.51174356
2.096,-0.005408372,-48.55055263
2.0975,-0.005413957,-48.58938317
2.099,-0.005419555,-48.62823532
2.1005,-0.005425166,-48.66710922
2.102,-0.00543079,-48.70600499
2.1035,-0.005436428,-48.74492278
2.105,-0.00544208,-48.78386272
2.1065,-0.005447745,-48.82282495
2.108,-0.005453423,-48.86180962
2.1095,-0.005459116,-48.90081687
2.111,-0.005464822,-48.93984684
2.1125,-0.005470543,-48.97889967
2.114,-0.005476277,-49.01797552
2.1155,-0.005482026,-49.05707452
2.117,-0.005487788,-49.09619683
2.1185,-0.005493565,-49.1353426
2.12,-0.005499356,-49.17451198
2.1215,-0.005505161,-49.21370512
2.123,-0.005510981,-49.25292218
2.1245,-0.005516816,-49.29216331
2.126,-0.005522665,-49.33142867
2.1275,-0.005528529,-49.37071841
2.129,-0.005534407,-49.41003271
2.1305,-0.005540301,-49.44937171
2.132,-0.005546209,-49.48873558
2.1335,-0.005552133,-49.52812449
2.135,-0.005558072,-49.5675386
2.1365,-0.005564026,-49.60697809
2.138,-0.005569995,-49.64644311
2.1395,-0.00557598,-49.68593384
2.141,-0.00558198,-49.72545045
2.1425,-0.005587995,-49.76499311
2.144,-0.005594027,-49.80456201
2.1455,-0.005600074,-49.84415732
2.147,-0.005606137,-49.88377921
2.1485,-0.005612216,-49.92342787
2.15,-0.005618311,-49.96310348
2.1515,-0.005624423,-50.00280623
2.153,-0.00563055,-50.04253629
2.1545,-0.005636694,-50.08229386
2.156,-0.005642855,-50.12207913
2.1575,-0.005649032,-50.16189229
2.159,-0.005655226,-50.20173352
2.1605,-0.005661436,-50.24160303
2.162,-0.005667664,-50.28150102
2.1635,-0.005673908,-50.32142767
2.165,-0.005680169,-50.3613832
2.1665,-0.005686448,-50.4013678
2.168,-0.005692744,-50.44138168
2.1695,-0.005699058,-50.48142505
2.171,-0.005705389,-50.5214981
2.1725,-0.005711738,-50.56160107
2.174,-0.005718104,-50.60173415
2.1755,-0.005724489,-50.64189757
2.177,-0.005730891,-50.68209153
2.1785,-0.005737312,-50.72231626
2.18,-0.005743751,-50.76257199
2.1815,-0.005750208,-50.80285892
2.183,-0.005756684,-50.8431773
2.1845,-0.005763179,-50.88352735
2.186,-0.005769692,-50.92390929
2.1875,-0.005776224,-50.96432336
2.189,-0.005782776,-51.00476981
2.1905,-0.005789346,-51.04524885
2.192,-0.005795936,-51.08576074
2.1935,-0.005802545,-51.12630571
2.195,-0.005809174,-51.16688402
2.1965,-0.005815822,-51.20749591
2.198,-0.005822491,-51.24814162
2.1995,-0.005829179,-51.28882142
2.201,-0.005835888,-51.32953555
2.2025,-0.005842616,-51.37028428
2.204,-0.005849366,-51.41106786
2.2055,-0.005856136,-51.45188657
2.207,-0.005862926,-51.49274065
2.2085,-0.005869738,-51.53363039
2.21,-0.00587657,-51.57455606
2.2115,-0.005883424,-51.61551793
2.213,-0.005890299,-51.65651627
2.2145,-0.005897196,-51.69755137
2.216,-0.005904115,-51.73862351
2.2175,-0.005911055,-51.77973299
2.219,-0.005918017,-51.82088008
2.2205,-0.005925002,-51.86206508
2.222,-0.005932009,-51.90328828
2.2235,-0.005939038,-51.94454999
2.225,-0.00594609,-51.98585051
2.2265,-0.005953165,-52.02719015
2.228,-0.005960264,-52.0685692
2.2295,-0.005967385,-52.10998799
2.231,-0.00597453,-52.15144683
2.2325,-0.005981699,-52.19294604
2.234,-0.005988891,-52.23448594
2.2355,-0.005996107,-52.27606687
2.237,-0.006003348,-52.31768913
2.2385,-0.006010613,-52.35935309
2.24,-0.006017903,-52.40105906
2.2415,-0.006025217,-52.44280739
2.243,-0.006032557,-52.48459843
2.2445,-0.006039921,-52.52643252
2.246,-0.006047312,-52.56831002
2.2475,-0.006054727,-52.61023128
2.249,-0.006062169,-52.65219667
2.2505,-0.006069637,-52.69420655
2.252,-0.006077131,-52.73626128
2.2535,-0.006084652,-52.77836125
2.255,-0.0060922,-52.82050683
2.2565,-0.006099774,-52.8626984
2.258,-0.006107376,-52.90493635
2.2595,-0.006115005,-52.94722107
2.261,-0.006122662,-52.98955295
2.2625,-0.006130347,-53.03193239
2.264,-0.00613806,-53.07435981
2.2655,-0.006145802,-53.1168356
2.267,-0.006153572,-53.15936018
2.2685,-0.006161372,-53.20193398
2.27,-0.0061692,-53.24455741
2.2715,-0.006177059,-53.28723091
2.273,-0.006184947,-53.3299549
2.2745,-0.006192865,-53.37272984
2.276,-0.006200813,-53.41555616
2.2775,-0.006208792,-53.45843431
2.279,-0.006216802,-53.50136475
2.2805,-0.006224843,-53.54434794
2.282,-0.006232916,-53.58738434
2.2835,-0.00624102,-53.63047443
2.285,-0.006249156,-53.67361869
2.2865,-0.006257325,-53.7168176
2.288,-0.006265527,-53.76007165
2.2895,-0.006273762,-53.80338134
2.291,-0.00628203,-53.84674716
2.2925,-0.006290331,-53.89016963
2.294,-0.006298667,-53.93364925
2.2955,-0.006307037,-53.97718656
2.297,-0.006315442,-54.02078208
2.2985,-0.006323882,-54.06443634
2.3,-0.006332357,-54.10814988
2.3015,-0.006340868,-54.15192325
2.303,-0.006349415,-54.19575701
2.3045,-0.006357998,-54.23965171
2.306,-0.006366619,-54.28360793
2.3075,-0.006375276,-54.32762624
2.309,-0.006383971,-54.37170722
2.3105,-0.006392705,-54.41585147
2.312,-0.006401476,-54.46005959
2.3135,-0.006410287,-54.50433217
2.315,-0.006419136,-54.54866984
2.3165,-0.006428025,-54.59307321
2.318,-0.006436955,-54.63754292
2.3195,-0.006445924,-54.6820796
2.321,-0.006454935,-54.72668391
2.3225,-0.006463987,-54.77135649
2.324,-0.006473081,-54.81609802
2.3255,-0.006482217,-54.86090916
2.327,-0.006491395,-54.9057906
2.3285,-0.006500617,-54.95074303
2.33,-0.006509883,-54.99576714
2.3315,-0.006519193,-55.04086365
2.333,-0.006528547,-55.08603329
2.3345,-0.006537947,-55.13127676
2.336,-0.006547392,-55.17659483
2.3375,-0.006556883,-55.22198823
2.339,-0.006566421,-55.26745773
2.3405,-0.006576006,-55.31300409
2.342,-0.006585639,-55.3586281
2.3435,-0.006595321,-55.40433055
2.345,-0.006605051,-55.45011223
2.3465,-0.006614831,-55.49597397
2.348,-0.006624661,-55.5419166
2.3495,-0.006634541,-55.58794093
2.351,-0.006644473,-55.63404784
2.3525,-0.006654457,-55.68023817
2.354,-0.006664493,-55.72651279
2.3555,-0.006674582,-55.7728726
2.357,-0.006684725,-55.8193185
2.3585,-0.006694922,-55.86585138
2.36,-0.006705174,-55.91247218
2.3615,-0.006715483,-55.95918184
2.363,-0.006725847,-56.0059813
2.3645,-0.006736269,-56.05287153
2.366,-0.006746748,-56.09985352
2.3675,-0.006757287,-56.14692824
2.369,-0.006767884,-56.19409671
2.3705,-0.006778542,-56.24135996
2.372,-0.00678926,-56.28871902
2.3735,-0.00680004,-56.33617495
2.375,-0.006810883,-56.3837288
2.3765,-0.006821789,-56.43138168
2.378,-0.006832758,-56.47913469
2.3795,-0.006843793,-56.52698893
2.381,-0.006854894,-56.57494555
2.3825,-0.006866061,-56.62300569
2.384,-0.006877295,-56.67117054
2.3855,-0.006888598,-56.71944127
2.387,-0.00689997,-56.7678191
2.3885,-0.006911413,-56.81630525
2.39,-0.006922927,-56.86490096
2.3915,-0.006934513,-56.9136075
2.393,-0.006946172,-56.96242615
2.3945,-0.006957905,-57.01135822
2.396,-0.006969713,-57.06040503
2.3975,-0.006981598,-57.10956792
2.399,-0.00699356,-57.15884827
2.4005,-0.007005601,-57.20824746
2.402,-0.007017721,-57.25776691
2.4035,-0.007029921,-57.30740804
2.405,-0.007042204,-57.35717231
2.4065,-0.007054569,-57.40706121
2.408,-0.007067019,-57.45707624
2.4095,-0.007079554,-57.50721893
2.411,-0.007092176,-57.55749083
2.4125,-0.007104885,-57.60789353
2.414,-0.007117684,-57.65842862
2.4155,-0.007130573,-57.70909776
2.417,-0.007143555,-57.75990258
2.4185,-0.007156629,-57.81084479
2.42,-0.007169798,-57.8619261
2.4215,-0.007183063,-57.91314826
2.423,-0.007196426,-57.96451303
2.4245,-0.007209888,-58.01602224
2.426,-0.007223451,-58.06767771
2.4275,-0.007237115,-58.11948132
2.429,-0.007250884,-58.17143496
2.4305,-0.007264757,-58.22354057
2.432,-0.007278738,-58.27580012
2.4335,-0.007292828,-58.32821561
2.435,-0.007307028,-58.38078907
2.4365,-0.00732134,-58.43352259
2.438,-0.007335766,-58.48641827
2.4395,-0.007350308,-58.53947825
2.441,-0.007364967,-58.59270474
2.4425,-0.007379747,-58.64609994
2.444,-0.007394648,-58.69966614
2.4455,-0.007409672,-58.75340563
2.447,-0.007424823,-58.80732076
2.4485,-0.007440101,-58.86141394
2.45,-0.007455509,-58.91568759
2.4515,-0.007471049,-58.9701442
2.453,-0.007486724,-59.02478629
2.4545,-0.007502535,-59.07961644
2.456,-0.007518485,-59.13463728
2.4575,-0.007534577,-59.18985147
2.459,-0.007550812,-59.24526174
2.4605,-0.007567194,-59.30087088
2.462,-0.007583725,-59.35668169
2.4635,-0.007600408,-59.41269707
2.465,-0.007617244,-59.46891996
2.4665,-0.007634238,-59.52535335
2.468,-0.007651392,-59.5820003
2.4695,-0.007668708,-59.63886391
2.471,-0.00768619,-59.69594737
2.4725,-0.007703841,-59.75325392
2.474,-0.007721664,-59.81078685
2.4755,-0.007739662,-59.86854953
2.477,-0.007757838,-59.9265454
2.4785,-0.007776196,-59.98477797
2.48,-0.007794739,-60.04325081
2.4815,-0.00781347,-60.10196757
2.483,-0.007832393,-60.16093198
2.4845,-0.007851513,-60.22014783
2.486,-0.007870832,-60.27961901
2.4875,-0.007890354,-60.33934948
2.489,-0.007910084,-60.39934327
2.4905,-0.007930025,-60.45960453
2.492,-0.007950182,-60.52013746
2.4935,-0.007970559,-60.58094636
2.495,-0.007991161,-60.64203565
2.4965,-0.008011991,-60.7034098
2.498,-0.008033055,-60.76507342
2.4995,-0.008054357,-60.82703118
2.501,-0.008075902,-60.88928787
2.5025,-0.008097696,-60.9518484
2.504,-0.008119742,-61.01471777
2.5055,-0.008142048,-61.07790109
2.507,-0.008164617,-61.14140359
2.5085,-0.008187456,-61.20523063
2.51,-0.00821057,-61.26938766
2.5115,-0.008233966,-61.33388028
2.513,-0.008257648,-61.39871421
2.5145,-0.008281624,-61.4638953
2.516,-0.008305901,-61.52942953
2.5175,-0.008330483,-61.59532303
2.519,-0.008355379,-61.66158208
2.5205,-0.008380595,-61.72821308
2.522,-0.008406138,-61.7952226
2.5235,-0.008432017,-61.86261736
2.525,-0.008458237,-61.93040425
2.5265,-0.008484808,-61.99859033
2.528,-0.008511737,-62.0671828
2.5295,-0.008539032,-62.13618907
2.531,-0.008566702,-62.20561671
2.5325,-0.008594756,-62.27547349
2.534,-0.008623203,-62.34576737
2.5355,-0.008652053,-62.4165065
2.537,-0.008681314,-62.48769924
2.5385,-0.008710996,-62.55935417
2.54,-0.008741111,-62.63148007
2.5415,-0.008771668,-62.70408596
2.543,-0.008802679,-62.77718109
2.5445,-0.008834154,-62.85077495
2.546,-0.008866105,-62.92487727
2.5475,-0.008898545,-62.99949804
2.549,-0.008931485,-63.07464752
2.5505,-0.008964938,-63.15033623
2.552,-0.008998917,-63.22657499
2.5535,-0.009033437,-63.3033749
2.555,-0.009068511,-63.38074736
2.5565,-0.009104153,-63.45870408
2.558,-0.009140379,-63.53725711
2.5595,-0.009177204,-63.61641882
2.561,-0.009214644,-63.69620192
2.5625,-0.009252716,-63.77661948
2.564,-0.009291437,-63.85768496
2.5655,-0.009330825,-63.93941219
2.567,-0.009370898,-64.02181537
2.5685,-0.009411675,-64.10490917
2.57,-0.009453176,-64.18870862
2.5715,-0.009495422,-64.27322925
2.573,-0.009538434,-64.35848701
2.5745,-0.009582233,-64.44449835
2.576,-0.009626842,-64.53128019
2.5775,-0.009672286,-64.61884998
2.579,-0.009718589,-64.70722569
2.5805,-0.009765775,-64.79642585
2.582,-0.009813872,-64.88646956
2.5835,-0.009862907,-64.97737651
2.585,-0.009912909,-65.06916702
2.5865,-0.009963906,-65.16186204
2.588,-0.010015931,-65.2554832
2.5895,-0.010069014,-65.35005281
2.591,-0.010123189,-65.44559393
2.5925,-0.010178491,-65.54213034
2.594,-0.010234955,-65.63968663
2.5955,-0.01029262,-65.7382882
2.597,-0.010351523,-65.83796128
2.5985,-0.010411706,-65.93873302
2.6,-0.010473212,-66.04063148
2.6015,-0.010536083,-66.14368568
2.603,-0.010600367,-66.24792564
2.6045,-0.010666111,-66.35338244
2.606,-0.010733365,-66.46008826
2.6075,-0.010802181,-66.56807641
2.609,-0.010872615,-66.67738141
2.6105,-0.010944722,-66.78803902
2.612,-0.011018564,-66.9000863
2.6135,-0.011094201,-67.01356169
2.615,-0.011171699,-67.12850506
2.6165,-0.011251127,-67.24495776
2.618,-0.011332555,-67.36296273
2.6195,-0.011416058,-67.48256454
2.621,-0.011501715,-67.60380947
2.6225,-0.011589607,-67.72674564
2.624,-0.011679821,-67.85142304
2.6255,-0.011772447,-67.97789363
2.627,-0.01186758,-68.1062115
2.6285,-0.011965318,-68.23643291
2.63,-0.012065767,-68.36861641
2.6315,-0.012169036,-68.50282301
2.633,-0.012275241,-68.63911625
2.6345,-0.012384503,-68.77756236
2.636,-0.01249695,-68.91823038
2.6375,-0.012612718,-69.06119236
2.639,-0.012731947,-69.20652349
2.6405,-0.012854788,-69.35430224
2.642,-0.012981399,-69.50461062
2.6435,-0.013111946,-69.65753432
2.645,-0.013246607,-69.81316293
2.6465,-0.013385566,-69.97159019
2.648,-0.013529021,-70.13291419
2.6495,-0.013677181,-70.29723767
2.651,-0.013830266,-70.46466824
2.6525,-0.01398851,-70.63531875
2.654,-0.014152162,-70.80930753
2.6555,-0.014321484,-70.98675879
2.657,-0.014496756,-71.16780294
2.6585,-0.014678276,-71.35257702
2.66,-0.01486636,-71.54122509
2.6615,-0.015061343,-71.73389873
2.663,-0.015263585,-71.93075747
2.6645,-0.015473466,-72.13196937
2.666,-0.015691396,-72.33771158
2.6675,-0.015917808,-72.54817095
2.669,-0.016153168,-72.76354471
2.6705,-0.016397974,-72.98404119
2.672,-0.016652759,-73.20988064
2.6735,-0.016918092,-73.44129602
2.675,-0.017194588,-73.67853401
2.6765,-0.017482903,-73.92185597
2.678,-0.017783744,-74.17153905
2.6795,-0.018097872,-74.42787745
2.681,-0.018426107,-74.69118365
2.6825,-0.018769333,-74.96178992
2.684,-0.019128502,-75.24004988
2.6855,-0.019504646,-75.52634021
2.687,-0.019898882,-75.82106258
2.6885,-0.020312418,-76.12464572
2.69,-0.020746565,-76.43754775
2.6915,-0.021202749,-76.76025867
2.693,-0.021682519,-77.09330323
2.6945,-0.022187564,-77.43724399
2.696,-0.022719726,-77.79268477
2.6975,-0.023281016,-78.16027448
2.699,-0.023873638,-78.54071138
2.7005,-0.024500003,-78.9347478
2.702,-0.02516276,-79.34319541
2.7035,-0.025864823,-79.76693117
2.705,-0.026609399,-80.20690393
2.7065,-0.027400029,-80.66414188
2.708,-0.028240628,-81.1397609
2.7095,-0.02913553,-81.63497402
2.711,-0.030089549,-82.15110209
2.7125,-0.031108038,-82.68958584
2.714,-0.032196963,-83.25199962
2.7155,-0.033362991,-83.84006703
2.717,-0.034613584,-84.45567872
2.7185,-0.03595712,-85.1009128
2.72,-0.037403025,-85.77805825
2.7215,-0.038961932,-86.48964182
2.723,-0.040645867,-87.23845914
2.7245,-0.04246847,-88.02761059
2.726,-0.044445256,-88.8605431
2.7275,-0.046593921,-89.74109873
2.729,-0.048934715,-90.67357134
2.7305,-0.051490879,-91.66277319
2.732,-0.054289175,-92.71411305
2.7335,-0.057360516,-93.83368848
2.735,-0.060740738,-95.02839491
2.7365,-0.064471516,-96.30605532
2.738,-0.068601489,-97.67557455
2.7395,-0.073187616,-99.14712386
2.741,-0.078296823,-100.7323619
2.7425,-0.084008006,-102.4447005
2.744,-0.090414454,-104.2996239
2.7455,-0.097626774,-106.3150745
2.747,-0.105776395,-108.5119171
2.7485,-0.115019714,-110.9144979
2.75,-0.125542898,-113.551315
2.7515,-0.137567256,-116.4558169
2.753,-0.151354888,-119.6673419
2.7545,-0.167213909,-123.2321996
2.756,-0.185501833,-127.2048754
2.7575,-0.206624441,-131.6492862
2.759,-0.231025321,-136.6399364
2.7605,-0.25915799,-142.2626643
2.762,-0.291427717,-148.6144241
2.7635,-0.32808463,-155.8011624
2.765,-0.369046171,-163.9323369
2.7665,-0.413633421,-173.1101086
2.768,-0.460237792,176.5888864
2.7695,-0.506011216,165.1401387
2.771,-0.54679186,152.6035988
2.7725,-0.577560621,139.152633
2.774,-0.593594128,125.0839053
2.7755,-0.592019787,110.7929703
2.777,-0.572961025,96.71415088
2.7785,-0.539507253,83.24466566
2.78,-0.496522595,70.68387138
2.7815,-0.449076816,59.20799607
2.783,-0.401307811,48.87937762
2.7845,-0.355994385,39.67515608
2.786,-0.314658426,31.51964013
2.7875,-0.277893786,24.31107761
2.789,-0.245709364,17.94007082
2.7905,-0.217795911,12.30053571
2.792,-0.193703021,7.295285884
2.7935,-0.172943897,2.838219372
2.795,-0.155051039,-1.145428013
2.7965,-0.139601861,-4.719812557
2.798,-0.126227272,-7.939631046
2.7995,-0.114611361,-10.85137641
2.801,-0.104486932,-13.49454292
2.8025,-0.095629482,-15.90271121
2.804,-0.08785098,-18.10449072
2.8055,-0.080994086,-20.12432127
2.807,-0.074927056,-21.98314637
2.8085,-0.069539389,-23.69897474
2.81,-0.06473818,-25.28734674
2.8115,-0.060445091,-26.76172146
2.813,-0.056593859,-28.13379776
2.8145,-0.053128239,-29.4137811
2.816,-0.050000332,-30.61060556
2.8175,-0.047169193,-31.73211912
2.819,-0.044599708,-32.78523876
2.8205,-0.042261653,-33.77608058
2.822,-0.040128924,-34.71006941
2.8235,-0.038178903,-35.59203145
2.825,-0.036391928,-36.42627274
2.8265,-0.034750851,-37.21664592
2.828,-0.033240671,-37.96660721
2.8295,-0.031848228,-38.6792652
2.831,-0.030561941,-39.35742268
2.8325,-0.029371593,-40.00361279
2.834,-0.028268144,-40.62013013
2.8355,-0.027243576,-41.20905783
2.837,-0.026290761,-41.772291
2.8385,-0.025403342,-42.31155721
2.84,-0.024575643,-42.82843437
2.8415,-0.023802578,-43.32436642
2.843,-0.023079585,-43.80067705
2.8445,-0.022402563,-44.2585819
2.846,-0.021767813,-44.69919916
2.8475,-0.021171998,-45.12355914
2.849,-0.020612099,-45.53261259
2.8505,-0.020085381,-45.9272382
2.852,-0.019589358,-46.30824922
2.8535,-0.019121774,-46.6763994
2.855,-0.018680571,-47.03238831
2.8565,-0.018263871,-47.37686605
2.858,-0.017869962,-47.71043754
2.8595,-0.017497272,-48.03366633
2.861,-0.017144365,-48.34707808
2.8625,-0.016809921,-48.65116366
2.864,-0.016492727,-48.94638193
2.8655,-0.016191667,-49.23316235
2.867,-0.015905714,-49.51190724
2.8685,-0.015633919,-49.78299391
2.87,-0.015375406,-50.04677651
2.8715,-0.015129365,-50.30358785
2.873,-0.014895046,-50.55374089
2.8745,-0.014671755,-50.79753027
2.876,-0.014458846,-51.03523356
2.8775,-0.014255721,-51.26711251
2.879,-0.014061824,-51.49341414
2.8805,-0.013876635,-51.71437178
2.882,-0.013699674,-51.93020595
2.8835,-0.013530488,-52.1411253
2.885,-0.01336866,-52.34732732
2.8865,-0.013213796,-52.54899912
2.888,-0.013065529,-52.74631809
2.8895,-0.012923517,-52.9394525
2.891,-0.012787439,-53.12856211
2.8925,-0.012656992,-53.31379867
2.894,-0.012531895,-53.49530645
2.8955,-0.012411881,-53.67322264
2.897,-0.012296704,-53.84767783
2.8985,-0.012186126,-54.01879637
2.9,-0.01207993,-54.18669674
2.9015,-0.011977907,-54.35149193
2.903,-0.011879861,-54.51328967
2.9045,-0.011785609,-54.67219283
2.906,-0.011694977,-54.82829961
2.9075,-0.0116078,-54.98170385
2.909,-0.011523924,-55.13249526
2.9105,-0.011443202,-55.28075961
2.912,-0.011365496,-55.426579
2.9135,-0.011290675,-55.570032
2.915,-0.011218615,-55.71119388
2.9165,-0.011149197,-55.85013675
2.918,-0.011082312,-55.98692974
2.9195,-0.011017852,-56.12163915
2.921,-0.010955718,-56.25432859
2.9225,-0.010895815,-56.38505911
2.924,-0.010838052,-56.51388935
2.9255,-0.010782344,-56.64087561
2.927,-0.010728608,-56.76607203
2.9285,-0.010676767,-56.88953064
2.93,-0.010626747,-57.01130148
2.9315,-0.010578478,-57.13143269
2.933,-0.010531893,-57.24997061
2.9345,-0.010486927,-57.36695986
2.936,-0.01044352,-57.48244341
2.9375,-0.010401614,-57.59646266
2.939,-0.010361152,-57.70905751
2.9405,-0.010322083,-57.82026643
2.942,-0.010284356,-57.93012652
2.9435,-0.010247922,-58.03867359
2.945,-0.010212736,-58.14594216
2.9465,-0.010178752,-58.25196559
2.948,-0.01014593,-58.35677609
2.9495,-0.010114227,-58.46040474
2.951,-0.010083607,-58.56288162
2.9525,-0.010054032,-58.66423577
2.954,-0.010025466,-58.76449526
2.9555,-0.009997875,-58.86368726
2.957,-0.009971227,-58.96183804
2.9585,-0.009945491,-59.05897302
2.96,-0.009920636,-59.15511679
2.9615,-0.009896634,-59.25029317
2.963,-0.009873458,-59.34452523
2.9645,-0.00985108,-59.43783531
2.966,-0.009829476,-59.53024504
2.9675,-0.009808621,-59.62177539
2.969,-0.009788491,-59.71244671
2.9705,-0.009769064,-59.80227869
2.972,-0.009750318,-59.89129046
2.9735,-0.009732233,-59.97950055
2.975,-0.009714788,-60.06692695
2.9765,-0.009697963,-60.15358712
2.978,-0.009681741,-60.239498
2.9795,-0.009666103,-60.32467605
2.981,-0.009651033,-60.40913724
2.9825,-0.009636513,-60.49289709
2.984,-0.009622527,-60.57597066
2.9855,-0.00960906,-60.65837262
2.987,-0.009596098,-60.74011719
2.9885,-0.009583625,-60.82121822
2.99,-0.009571628,-60.90168915
2.9915,-0.009560094,-60.98154307
2.993,-0.00954901,-61.06079271
2.9945,-0.009538362,-61.13945045
2.996,-0.00952814,-61.21752833
2.9975,-0.009518331,-61.29503809
2.999,-0.009508925,-61.37199112
3.0005,-0.00949991,-61.44839854
3.002,-0.009491277,-61.52427118
3.0035,-0.009483014,-61.59961955
3.005,-0.009475112,-61.67445393
3.0065,-0.009467562,-61.74878432
3.008,-0.009460355,-61.82262045
3.0095,-0.009453481,-61.89597182
3.011,-0.009446932,-61.96884768
3.0125,-0.009440701,-62.04125706
3.014,-0.009434778,-62.11320875
3.0155,-0.009429155,-62.18471133
3.017,-0.009423827,-62.25577317
3.0185,-0.009418785,-62.32640242
3.02,-0.009414021,-62.39660706
3.0215,-0.00940953,-62.46639484
3.023,-0.009405305,-62.53577335
3.0245,-0.009401339,-62.60475
3.026,-0.009397626,-62.67333201
3.0275,-0.00939416,-62.74152643
3.029,-0.009390935,-62.80934015
3.0305,-0.009387946,-62.8767799
3.032,-0.009385186,-62.94385226
3.0335,-0.009382651,-63.01056363
3.035,-0.009380335,-63.0769203
3.0365,-0.009378234,-63.14292839
3.038,-0.009376342,-63.20859389
3.0395,-0.009374655,-63.27392266
3.041,-0.009373168,-63.33892042
3.0425,-0.009371876,-63.40359276
3.044,-0.009370776,-63.46794516
3.0455,-0.009369862,-63.53198296
3.047,-0.009369132,-63.59571141
3.0485,-0.00936858,-63.65913561
3.05,-0.009368204,-63.72226058
3.0515,-0.009367999,-63.78509121
3.053,-0.009367961,-63.8476323
3.0545,-0.009368088,-63.90988854
3.056,-0.009368375,-63.97186452
3.0575,-0.009368819,-64.03356474
3.059,-0.009369417,-64.09499359
3.0605,-0.009370166,-64.15615539
3.062,-0.009371062,-64.21705435
3.0635,-0.009372103,-64.27769461
3.065,-0.009373286,-64.3380802
3.0665,-0.009374607,-64.3982151
3.068,-0.009376065,-64.45810318
3.0695,-0.009377655,-64.51774825
3.071,-0.009379377,-64.57715404
3.0725,-0.009381226,-64.63632419
3.074,-0.009383201,-64.69526229
3.0755,-0.009385299,-64.75397184
3.077,-0.009387518,-64.81245628
3.0785,-0.009389855,-64.87071898
3.08,-0.009392308,-64.92876325
3.0815,-0.009394876,-64.98659232
3.083,-0.009397555,-65.04420938
3.0845,-0.009400344,-65.10161753
3.086,-0.00940324,-65.15881984
3.0875,-0.009406242,-65.2158193
3.089,-0.009409348,-65.27261886
3.0905,-0.009412556,-65.32922139
3.092,-0.009415863,-65.38562973
3.0935,-0.009419269,-65.44184665
3.095,-0.009422771,-65.49787489
3.0965,-0.009426368,-65.55371711
3.098,-0.009430058,-65.60937594
3.0995,-0.00943384,-65.66485395
3.101,-0.009437711,-65.72015369
3.1025,-0.009441671,-65.77527762
3.104,-0.009445717,-65.83022819
3.1055,-0.009449849,-65.8850078
3.107,-0.009454064,-65.93961879
3.1085,-0.009458362,-65.99406347
3.11,-0.00946274,-66.04834411
3.1115,-0.009467199,-66.10246294
3.113,-0.009471736,-66.15642214
3.1145,-0.009476349,-66.21022388
3.116,-0.009481039,-66.26387024
3.1175,-0.009485803,-66.31736333
3.119,-0.009490641,-66.37070516
3.1205,-0.009495551,-66.42389775
3.122,-0.009500531,-66.47694306
3.1235,-0.009505582,-66.52984303
3.125,-0.009510702,-66.58259956
3.1265,-0.009515889,-66.63521453
3.128,-0.009521143,-66.68768977
3.1295,-0.009526463,-66.74002708
3.131,-0.009531848,-66.79222825
3.1325,-0.009537296,-66.84429502
3.134,-0.009542807,-66.89622912
3.1355,-0.00954838,-66.94803222
3.137,-0.009554014,-66.99970599
3.1385,-0.009559708,-67.05125207
3.14,-0.009565461,-67.10267207
3.1415,-0.009571272,-67.15396756
3.143,-0.009577141,-67.2051401
3.1445,-0.009583066,-67.25619122
3.146,-0.009589047,-67.30712244
3.1475,-0.009595084,-67.35793522
3.149,-0.009601174,-67.40863103
3.1505,-0.009607318,-67.4592113
3.152,-0.009613515,-67.50967745
3.1535,-0.009619764,-67.56003086
3.155,-0.009626064,-67.6102729
3.1565,-0.009632415,-67.66040493
3.158,-0.009638816,-67.71042825
3.1595,-0.009645266,-67.76034419
3.161,-0.009651765,-67.81015403
3.1625,-0.009658312,-67.85985902
3.164,-0.009664907,-67.90946042
3.1655,-0.009671548,-67.95895945
3.167,-0.009678236,-68.00835732
3.1685,-0.009684969,-68.05765522
3.17,-0.009691747,-68.10685432
3.1715,-0.00969857,-68.15595577
3.173,-0.009705436,-68.20496071
3.1745,-0.009712346,-68.25387026
3.176,-0.009719299,-68.30268553
3.1775,-0.009726295,-68.35140759
3.179,-0.009733332,-68.40003753
3.1805,-0.00974041,-68.44857638
3.182,-0.00974753,-68.4970252
3.1835,-0.00975469,-68.54538501
3.185,-0.009761889,-68.59365681
3.1865,-0.009769129,-68.6418416
3.188,-0.009776407,-68.68994036
3.1895,-0.009783724,-68.73795406
3.191,-0.009791079,-68.78588365
3.1925,-0.009798472,-68.83373006
3.194,-0.009805902,-68.88149422
3.1955,-0.009813369,-68.92917704
3.197,-0.009820872,-68.97677943
3.1985,-0.009828412,-69.02430226
3.2,-0.009835987,-69.07174641
3.2015,-0.009843598,-69.11911275
3.203,-0.009851244,-69.16640212
3.2045,-0.009858924,-69.21361535
3.206,-0.009866639,-69.26075329
3.2075,-0.009874388,-69.30781673
3.209,-0.00988217,-69.35480649
3.2105,-0.009889985,-69.40172335
3.212,-0.009897834,-69.4485681
3.2135,-0.009905715,-69.49534152
3.215,-0.009913628,-69.54204435
3.2165,-0.009921573,-69.58867735
3.218,-0.00992955,-69.63524125
3.2195,-0.009937559,-69.6817368
3.221,-0.009945598,-69.72816471
3.2225,-0.009953668,-69.77452569
3.224,-0.009961769,-69.82082044
3.2255,-0.0099699,-69.86704966
3.227,-0.009978061,-69.91321402
3.2285,-0.009986252,-69.9593142
3.23,-0.009994472,-70.00535087
3.2315,-0.010002721,-70.05132468
3.233,-0.010010999,-70.09723628
3.2345,-0.010019306,-70.14308631
3.236,-0.010027641,-70.1888754
3.2375,-0.010036005,-70.23460417
3.239,-0.010044397,-70.28027324
3.2405,-0.010052816,-70.32588322
3.242,-0.010061263,-70.3714347
3.2435,-0.010069737,-70.41692828
3.245,-0.010078238,-70.46236453
3.2465,-0.010086766,-70.50774405
3.248,-0.010095321,-70.55306739
3.2495,-0.010103902,-70.59833512
3.251,-0.010112509,-70.64354779
3.2525,-0.010121143,-70.68870595
3.254,-0.010129802,-70.73381015
3.2555,-0.010138487,-70.77886092
3.257,-0.010147197,-70.82385878
3.2585,-0.010155933,-70.86880427
3.26,-0.010164694,-70.91369788
3.2615,-0.01017348,-70.95854014
3.263,-0.01018229,-71.00333154
3.2645,-0.010191126,-71.04807259
3.266,-0.010199985,-71.09276377
3.2675,-0.010208869,-71.13740556
3.269,-0.010217777,-71.18199845
3.2705,-0.010226709,-71.22654291
3.272,-0.010235665,-71.2710394
3.2735,-0.010244644,-71.31548839
3.275,-0.010253647,-71.35989034
3.2765,-0.010262673,-71.40424569
3.278,-0.010271722,-71.44855489
3.2795,-0.010280795,-71.49281838
3.281,-0.01028989,-71.53703659
3.2825,-0.010299008,-71.58120996
3.284,-0.010308149,-71.62533891
3.2855,-0.010317312,-71.66942386
3.287,-0.010326498,-71.71346522
3.2885,-0.010335706,-71.75746341
3.29,-0.010344936,-71.80141883
3.2915,-0.010354188,-71.84533188
3.293,-0.010363462,-71.88920296
3.2945,-0.010372758,-71.93303246
3.296,-0.010382075,-71.97682076
3.2975,-0.010391414,-72.02056825
3.299,-0.010400774,-72.06427531
3.3005,-0.010410156,-72.10794231
3.302,-0.010419559,-72.15156962
3.3035,-0.010428982,-72.19515761
3.305,-0.010438427,-72.23870664
3.3065,-0.010447893,-72.28221706
3.308,-0.01045738,-72.32568923
3.3095,-0.010466887,-72.3691235
3.311,-0.010476415,-72.41252022
3.3125,-0.010485963,-72.45587972
3.314,-0.010495532,-72.49920235
3.3155,-0.010505121,-72.54248844
3.317,-0.010514731,-72.58573832
3.3185,-0.01052436,-72.62895231
3.32,-0.01053401,-72.67213074
3.3215,-0.010543679,-72.71527394
3.323,-0.010553369,-72.75838221
3.3245,-0.010563078,-72.80145588
3.326,-0.010572807,-72.84449524
3.3275,-0.010582556,-72.88750061
3.329,-0.010592324,-72.93047229
3.3305,-0.010602112,-72.97341058
3.332,-0.010611919,-73.01631577
3.3335,-0.010621745,-73.05918816
3.335,-0.010631591,-73.10202805
3.3365,-0.010641456,-73.14483571
3.338,-0.01065134,-73.18761143
3.3395,-0.010661243,-73.2303555
3.341,-0.010671166,-73.27306819
3.3425,-0.010681107,-73.31574977
3.344,-0.010691067,-73.35840052
3.3455,-0.010701046,-73.40102071
3.347,-0.010711043,-73.44361061
3.3485,-0.010721059,-73.48617048
3.35,-0.010731094,-73.52870058
3.3515,-0.010741148,-73.57120117
3.353,-0.01075122,-73.6136725
3.3545,-0.01076131,-73.65611484
3.356,-0.010771419,-73.69852842
3.3575,-0.010781547,-73.74091351
3.359,-0.010791692,-73.78327034
3.3605,-0.010801856,-73.82559915
3.362,-0.010812038,-73.8679002
3.3635,-0.010822238,-73.91017371
3.365,-0.010832457,-73.95241993
3.3665,-0.010842693,-73.99463908
3.368,-0.010852948,-74.0368314
3.3695,-0.01086322,-74.07899712
3.371,-0.01087351,-74.12113646
3.3725,-0.010883819,-74.16324965
3.374,-0.010894145,-74.2053369
3.3755,-0.010904489,-74.24739845
3.377,-0.01091485,-74.28943451
3.3785,-0.01092523,-74.33144529
3.38,-0.010935627,-74.37343101
3.3815,-0.010946042,-74.41539188
3.383,-0.010956474,-74.45732811
3.3845,-0.010966924,-74.4992399
3.386,-0.010977392,-74.54112747
3.3875,-0.010987877,-74.58299101
3.389,-0.010998379,-74.62483073
3.3905,-0.011008899,-74.66664682
3.392,-0.011019436,-74.70843948
3.3935,-0.011029991,-74.75020892
3.395,-0.011040563,-74.79195532
3.3965,-0.011051153,-74.83367887
3.398,-0.011061759,-74.87537977
3.3995,-0.011072383,-74.9170582
3.401,-0.011083025,-74.95871436
3.4025,-0.011093683,-75.00034842
3.404,-0.011104359,-75.04196056
3.4055,-0.011115052,-75.08355098
3.407,-0.011125762,-75.12511985
3.4085,-0.011136489,-75.16666734
3.41,-0.011147233,-75.20819364
3.4115,-0.011157994,-75.24969892
3.413,-0.011168772,-75.29118334
3.4145,-0.011179568,-75.33264709
3.416,-0.01119038,-75.37409034
3.4175,-0.011201209,-75.41551325
3.419,-0.011212056,-75.45691598
3.4205,-0.011222919,-75.49829871
3.422,-0.011233799,-75.53966159
3.4235,-0.011244696,-75.5810048
3.425,-0.01125561,-75.62232848
3.4265,-0.011266541,-75.66363281
3.428,-0.011277489,-75.70491793
3.4295,-0.011288453,-75.74618401
3.431,-0.011299435,-75.7874312
3.4325,-0.011310433,-75.82865965
3.434,-0.011321448,-75.86986952
3.4355,-0.01133248,-75.91106095
3.437,-0.011343529,-75.9522341
3.4385,-0.011354594,-75.99338911
3.44,-0.011365676,-76.03452613
3.4415,-0.011376775,-76.07564532
3.443,-0.011387891,-76.1167468
3.4445,-0.011399023,-76.15783073
3.446,-0.011410172,-76.19889724
3.4475,-0.011421338,-76.23994648
3.449,-0.011432521,-76.28097859
3.4505,-0.01144372,-76.3219937
3.452,-0.011454936,-76.36299195
3.4535,-0.011466169,-76.40397348
3.455,-0.011477418,-76.44493843
3.4565,-0.011488684,-76.48588692
3.458,-0.011499966,-76.52681908
3.4595,-0.011511266,-76.56773506
3.461,-0.011522582,-76.60863497
3.4625,-0.011533914,-76.64951895
3.464,-0.011545263,-76.69038713
3.4655,-0.011556629,-76.73123963
3.467,-0.011568012,-76.77207658
3.4685,-0.011579411,-76.8128981
3.47,-0.011590827,-76.85370432
3.4715,-0.011602259,-76.89449536
3.473,-0.011613708,-76.93527134
3.4745,-0.011625174,-76.97603237
3.476,-0.011636656,-77.01677859
3.4775,-0.011648155,-77.05751011
3.479,-0.01165967,-77.09822704
3.4805,-0.011671202,-77.13892951
3.482,-0.011682751,-77.17961763
3.4835,-0.011694317,-77.2202915
3.485,-0.011705899,-77.26095126
3.4865,-0.011717497,-77.301597
3.488,-0.011729113,-77.34222884
3.4895,-0.011740745,-77.3828469
3.491,-0.011752393,-77.42345128
3.4925,-0.011764058,-77.46404208
3.494,-0.01177574,-77.50461943
3.4955,-0.011787439,-77.54518342
3.497,-0.011799154,-77.58573417
3.4985,-0.011810886,-77.62627177
3.5,-0.011822634,-77.66679634
2.25,59.98240812,-125.4602269
2.25125,59.98240101,-125.530323
2.2525,59.9823939,-125.6004203
2.25375,59.98238679,-125.6705188
2.255,59.98237968,-125.7406186
2.25625,59.98237258,-125.8107196
2.2575,59.98236547,-125.8808219
2.25875,59.98235836,-125.9509254
2.26,59.98235126,-126.0210302
2.26125,59.98234415,-126.0911362
2.2625,59.98233705,-126.1612436
2.26375,59.98232995,-126.2313522
2.265,59.98232284,-126.301462
2.26625,59.98231574,-126.3715732
2.2675,59.98230864,-126.4416857
2.26875,59.98230154,-126.5117995
2.27,59.98229444,-126.5819145
2.27125,59.98228734,-126.6520309
2.2725,59.98228024,-126.7221486
2.27375,59.98227314,-126.7922676
2.275,59.98226604,-126.862388
2.27625,59.98225894,-126.9325097
2.2775,59.98225184,-127.0026327
2.27875,59.98224475,-127.0727571
2.28,59.98223765,-127.1428828
2.28125,59.98223055,-127.2130099
2.2825,59.98222346,-127.2831383
2.28375,59.98221636,-127.3532681
2.285,59.98220927,-127.4233993
2.28625,59.98220217,-127.4935319
2.2875,59.98219508,-127.5636659
2.28875,59.98218799,-127.6338012
2.29,59.9821809,-127.703938
2.29125,59.9821738,-127.7740762
2.2925,59.98216671,-127.8442157
2.29375,59.98215962,-127.9143567
2.295,59.98215253,-127.9844992
2.29625,59.98214544,-128.0546431
2.2975,59.98213835,-128.1247884
2.29875,59.98213126,-128.1949351
2.3,59.98212417,-128.2650833
2.30125,59.98211708,-128.335233
2.3025,59.98211,-128.4053841
2.30375,59.98210291,-128.4755368
2.305,59.98209582,-128.5456909
2.30625,59.98208874,-128.6158464
2.3075,59.98208165,-128.6860035
2.30875,59.98207456,-128.7561621
2.31,59.98206748,-128.8263222
2.31125,59.98206039,-128.8964838
2.3125,59.98205331,-128.966647
2.31375,59.98204623,-129.0368116
2.315,59.98203914,-129.1069779
2.31625,59.98203206,-129.1771456
2.3175,59.98202498,-129.2473149
2.31875,59.9820179,-129.3174858
2.32,59.98201081,-129.3876583
2.32125,59.98200373,-129.4578323
2.3225,59.98199665,-129.5280079
2.32375,59.98198957,-129.5981851
2.325,59.98198249,-129.6683639
2.32625,59.98197541,-129.7385444
2.3275,59.98196833,-129.8087264
2.32875,59.98196125,-129.8789101
2.33,59.98195417,-129.9490954
2.33125,59.9819471,-130.0192823
2.3325,59.98194002,-130.0894709
2.33375,59.98193294,-130.1596612
2.335,59.98192586,-130.2298531
2.33625,59.98191879,-130.3000467
2.3375,59.98191171,-130.370242
2.33875,59.98190463,-130.4404389
2.34,59.98189756,-130.5106376
2.34125,59.98189048,-130.580838
2.3425,59.98188341,-130.6510401
2.34375,59.98187633,-130.721244
2.345,59.98186926,-130.7914495
2.34625,59.98186218,-130.8616569
2.3475,59.98185511,-130.931866
2.34875,59.98184804,-131.0020768
2.35,59.98184096,-131.0722894
2.35125,59.98183389,-131.1425039
2.3525,59.98182682,-131.2127201
2.35375,59.98181975,-131.2829381
2.355,59.98181267,-131.3531579
2.35625,59.9818056,-131.4233795
2.3575,59.98179853,-131.493603
2.35875,59.98179146,-131.5638284
2.36,59.98178439,-131.6340555
2.36125,59.98177732,-131.7042846
2.3625,59.98177025,-131.7745155
2.36375,59.98176318,-131.8447483
2.365,59.98175611,-131.914983
2.36625,59.98174904,-131.9852196
2.3675,59.98174197,-132.0554581
2.36875,59.9817349,-132.1256986
2.37,59.98172783,-132.1959409
2.37125,59.98172076,-132.2661853
2.3725,59.98171369,-132.3364316
2.37375,59.98170662,-132.4066798
2.375,59.98169956,-132.4769301
2.37625,59.98169249,-132.5471823
2.3775,59.98168542,-132.6174365
2.37875,59.98167835,-132.6876928
2.38,59.98167129,-132.7579511
2.38125,59.98166422,-132.8282114
2.3825,59.98165715,-132.8984737
2.38375,59.98165009,-132.9687382
2.385,59.98164302,-133.0390047
2.38625,59.98163595,-133.1092733
2.3875,59.98162889,-133.179544
2.38875,59.98162182,-133.2498168
2.39,59.98161475,-133.3200917
2.39125,59.98160769,-133.3903688
2.3925,59.98160062,-133.460648
2.39375,59.98159356,-133.5309293
2.395,59.98158649,-133.6012129
2.39625,59.98157943,-133.6714986
2.3975,59.98157236,-133.7417865
2.39875,59.98156529,-133.8120767
2.4,59.98155823,-133.8823691
2.40125,59.98155116,-133.9526637
2.4025,59.9815441,-134.0229605
2.40375,59.98153703,-134.0932597
2.405,59.98152997,-134.1635611
2.40625,59.9815229,-134.2338648
2.4075,59.98151584,-134.3041708
2.40875,59.98150878,-134.3744792
2.41,59.98150171,-134.4447898
2.41125,59.98149465,-134.5151029
2.4125,59.98148758,-134.5854183
2.41375,59.98148052,-134.6557361
2.415,59.98147345,-134.7260563
2.41625,59.98146639,-134.7963789
2.4175,59.98145932,-134.8667039
2.41875,59.98145226,-134.9370314
2.42,59.98144519,-135.0073613
2.42125,59.98143813,-135.0776937
2.4225,59.98143106,-135.1480286
2.42375,59.981424,-135.218366
2.425,59.98141693,-135.2887059
2.42625,59.98140987,-135.3590484
2.4275,59.9814028,-135.4293934
2.42875,59.98139574,-135.499741
2.43,59.98138867,-135.5700912
2.43125,59.98138161,-135.640444
2.4325,59.98137454,-135.7107994
2.43375,59.98136748,-135.7811574
2.435,59.98136041,-135.8515181
2.43625,59.98135334,-135.9218815
2.4375,59.98134628,-135.9922476
2.43875,59.98133921,-136.0626164
2.44,59.98133215,-136.1329879
2.44125,59.98132508,-136.2033622
2.4425,59.98131801,-136.2737392
2.44375,59.98131095,-136.344119
2.445,59.98130388,-136.4145016
2.44625,59.98129681,-136.4848871
2.4475,59.98128974,-136.5552754
2.44875,59.98128268,-136.6256665
2.45,59.98127561,-136.6960606
2.45125,59.98126854,-136.7664575
2.4525,59.98126147,-136.8368574
2.45375,59.9812544,-136.9072602
2.455,59.98124733,-136.9776659
2.45625,59.98124026,-137.0480747
2.4575,59.98123319,-137.1184864
2.45875,59.98122612,-137.1889012
2.46,59.98121905,-137.2593191
2.46125,59.98121198,-137.32974
2.4625,59.98120491,-137.400164
2.46375,59.98119784,-137.4705911
2.465,59.98119077,-137.5410213
2.46625,59.98118369,-137.6114547
2.4675,59.98117662,-137.6818913
2.46875,59.98116955,-137.7523311
2.47,59.98116248,-137.8227741
2.47125,59.9811554,-137.8932203
2.4725,59.98114833,-137.9636699
2.47375,59.98114125,-138.0341227
2.475,59.98113418,-138.1045789
2.47625,59.9811271,-138.1750384
2.4775,59.98112002,-138.2455013
2.47875,59.98111295,-138.3159676
2.48,59.98110587,-138.3864373
2.48125,59.98109879,-138.4569104
2.4825,59.98109171,-138.5273871
2.48375,59.98108464,-138.5978672
2.485,59.98107756,-138.6683509
2.48625,59.98107048,-138.7388381
2.4875,59.98106339,-138.8093289
2.48875,59.98105631,-138.8798233
2.49,59.98104923,-138.9503214
2.49125,59.98104215,-139.0208231
2.4925,59.98103506,-139.0913285
2.49375,59.98102798,-139.1618376
2.495,59.9810209,-139.2323505
2.49625,59.98101381,-139.3028672
2.4975,59.98100672,-139.3733877
2.49875,59.98099964,-139.443912
2.5,59.98099255,-139.5144402
2.50125,59.98098546,-139.5849723
2.5025,59.98097837,-139.6555083
2.50375,59.98097128,-139.7260483
2.505,59.98096419,-139.7965923
2.50625,59.9809571,-139.8671403
2.5075,59.98095,-139.9376924
2.50875,59.98094291,-140.0082486
2.51,59.98093581,-140.0788089
2.51125,59.98092872,-140.1493734
2.5125,59.98092162,-140.219942
2.51375,59.98091452,-140.2905149
2.515,59.98090743,-140.3610921
2.51625,59.98090033,-140.4316735
2.5175,59.98089323,-140.5022593
2.51875,59.98088612,-140.5728495
2.52,59.98087902,-140.6434441
2.52125,59.98087192,-140.7140431
2.5225,59.98086481,-140.7846467
2.52375,59.98085771,-140.8552547
2.525,59.9808506,-140.9258673
2.52625,59.98084349,-140.9964845
2.5275,59.98083638,-141.0671063
2.52875,59.98082927,-141.1377328
2.53,59.98082216,-141.2083641
2.53125,59.98081504,-141.2790001
2.5325,59.98080793,-141.3496409
2.53375,59.98080081,-141.4202865
2.535,59.98079369,-141.490937
2.53625,59.98078657,-141.5615925
2.5375,59.98077945,-141.6322529
2.53875,59.98077233,-141.7029184
2.54,59.98076521,-141.7735889
2.54125,59.98075808,-141.8442645
2.5425,59.98075096,-141.9149453
2.54375,59.98074383,-141.9856312
2.545,59.9807367,-142.0563224
2.54625,59.98072957,-142.127019
2.5475,59.98072244,-142.1977208
2.54875,59.9807153,-142.268428
2.55,59.98070817,-142.3391407
2.55125,59.98070103,-142.4098589
2.5525,59.98069389,-142.4805826
2.55375,59.98068675,-142.5513119
2.555,59.9806796,-142.6220468
2.55625,59.98067246,-142.6927875
2.5575,59.98066531,-142.7635338
2.55875,59.98065816,-142.834286
2.56,59.98065101,-142.9050441
2.56125,59.98064386,-142.975808
2.5625,59.9806367,-143.046578
2.56375,59.98062955,-143.1173539
2.565,59.98062239,-143.188136
2.56625,59.98061523,-143.2589242
2.5675,59.98060806,-143.3297186
2.56875,59.9806009,-143.4005192
2.57,59.98059373,-143.4713262
2.57125,59.98058656,-143.5421396
2.5725,59.98057939,-143.6129594
2.57375,59.98057221,-143.6837857
2.575,59.98056503,-143.7546186
2.57625,59.98055785,-143.8254581
2.5775,59.98055067,-143.8963044
2.57875,59.98054349,-143.9671574
2.58,59.9805363,-144.0380173
2.58125,59.98052911,-144.1088841
2.5825,59.98052191,-144.1797578
2.58375,59.98051472,-144.2506387
2.585,59.98050752,-144.3215266
2.58625,59.98050032,-144.3924218
2.5875,59.98049311,-144.4633242
2.58875,59.98048591,-144.534234
2.59,59.9804787,-144.6051511
2.59125,59.98047148,-144.6760758
2.5925,59.98046427,-144.7470081
2.59375,59.98045705,-144.8179481
2.595,59.98044982,-144.8888957
2.59625,59.9804426,-144.9598512
2.5975,59.98043537,-145.0308146
2.59875,59.98042814,-145.101786
2.6,59.9804209,-145.1727655
2.60125,59.98041366,-145.2437531
2.6025,59.98040642,-145.314749
2.60375,59.98039917,-145.3857533
2.605,59.98039192,-145.4567659
2.60625,59.98038466,-145.5277871
2.6075,59.98037741,-145.5988169
2.60875,59.98037014,-145.6698554
2.61,59.98036288,-145.7409028
2.61125,59.98035561,-145.811959
2.6125,59.98034833,-145.8830243
2.61375,59.98034105,-145.9540986
2.615,59.98033377,-146.0251822
2.61625,59.98032648,-146.0962751
2.6175,59.98031919,-146.1673774
2.61875,59.98031189,-146.2384892
2.62,59.98030459,-146.3096107
2.62125,59.98029729,-146.3807419
2.6225,59.98028998,-146.451883
2.62375,59.98028266,-146.5230341
2.625,59.98027534,-146.5941952
2.62625,59.98026801,-146.6653666
2.6275,59.98026068,-146.7365483
2.62875,59.98025335,-146.8077405
2.63,59.98024601,-146.8789432
2.63125,59.98023866,-146.9501567
2.6325,59.98023131,-147.021381
2.63375,59.98022395,-147.0926162
2.635,59.98021659,-147.1638626
2.63625,59.98020922,-147.2351202
2.6375,59.98020184,-147.3063891
2.63875,59.98019446,-147.3776696
2.64,59.98018707,-147.4489617
2.64125,59.98017968,-147.5202656
2.6425,59.98017228,-147.5915815
2.64375,59.98016487,-147.6629094
2.645,59.98015746,-147.7342496
2.64625,59.98015004,-147.8056022
2.6475,59.98014261,-147.8769673
2.64875,59.98013518,-147.9483452
2.65,59.98012774,-148.0197359
2.65125,59.98012029,-148.0911396
2.6525,59.98011283,-148.1625566
2.65375,59.98010537,-148.233987
2.655,59.98009789,-148.3054309
2.65625,59.98009041,-148.3768886
2.6575,59.98008293,-148.4483601
2.65875,59.98007543,-148.5198458
2.66,59.98006793,-148.5913457
2.66125,59.98006041,-148.6628601
2.6625,59.98005289,-148.7343892
2.66375,59.98004536,-148.8059332
2.665,59.98003782,-148.8774922
2.66625,59.98003027,-148.9490665
2.6675,59.98002271,-149.0206563
2.66875,59.98001515,-149.0922618
2.67,59.98000757,-149.1638832
2.67125,59.97999998,-149.2355207
2.6725,59.97999238,-149.3071746
2.67375,59.97998477,-149.378845
2.675,59.97997715,-149.4505323
2.67625,59.97996952,-149.5222366
2.6775,59.97996188,-149.5939583
2.67875,59.97995423,-149.6656975
2.68,59.97994657,-149.7374545
2.68125,59.97993889,-149.8092295
2.6825,59.9799312,-149.8810229
2.68375,59.9799235,-149.9528348
2.685,59.97991579,-150.0246656
2.68625,59.97990806,-150.0965156
2.6875,59.97990032,-150.168385
2.68875,59.97989257,-150.240274
2.69,59.9798848,-150.3121831
2.69125,59.97987702,-150.3841125
2.6925,59.97986923,-150.4560626
2.69375,59.97986142,-150.5280335
2.695,59.97985359,-150.6000257
2.69625,59.97984576,-150.6720395
2.6975,59.9798379,-150.7440752
2.69875,59.97983003,-150.8161331
2.7,59.97982214,-150.8882136
2.70125,59.97981424,-150.9603171
2.7025,59.97980632,-151.0324439
2.70375,59.97979838,-151.1045944
2.705,59.97979042,-151.176769
2.70625,59.97978245,-151.248968
2.7075,59.97977445,-151.3211919
2.70875,59.97976644,-151.3934411
2.71,59.97975841,-151.4657159
2.71125,59.97975036,-151.5380168
2.7125,59.97974229,-151.6103442
2.71375,59.97973419,-151.6826986
2.715,59.97972608,-151.7550804
2.71625,59.97971794,-151.8274901
2.7175,59.97970978,-151.8999281
2.71875,59.9797016,-151.972395
2.72,59.9796934,-152.0448912
2.72125,59.97968517,-152.1174172
2.7225,59.97967691,-152.1899736
2.72375,59.97966863,-152.2625609
2.725,59.97966033,-152.3351796
2.72625,59.97965199,-152.4078303
2.7275,59.97964364,-152.4805135
2.72875,59.97963525,-152.5532299
2.73,59.97962683,-152.62598
2.73125,59.97961839,-152.6987644
2.7325,59.97960991,-152.7715838
2.73375,59.97960141,-152.8444388
2.735,59.97959287,-152.91733
2.73625,59.9795843,-152.9902582
2.7375,59.9795757,-153.0632241
2.73875,59.97956706,-153.1362282
2.74,59.97955839,-153.2092715
2.74125,59.97954968,-153.2823545
2.7425,59.97954093,-153.3554781
2.74375,59.97953215,-153.4286431
2.745,59.97952333,-153.5018502
2.74625,59.97951447,-153.5751003
2.7475,59.97950556,-153.6483942
2.74875,59.97949662,-153.7217328
2.75,59.97948763,-153.7951171
2.75125,59.97947859,-153.8685478
2.7525,59.97946952,-153.942026
2.75375,59.97946039,-154.0155526
2.755,59.97945121,-154.0891287
2.75625,59.97944199,-154.1627551
2.7575,59.97943271,-154.2364331
2.75875,59.97942339,-154.3101636
2.76,59.979414,-154.3839478
2.76125,59.97940456,-154.4577868
2.7625,59.97939507,-154.5316819
2.76375,59.97938551,-154.6056341
2.765,59.9793759,-154.6796448
2.76625,59.97936622,-154.7537152
2.7675,59.97935647,-154.8278467
2.76875,59.97934666,-154.9020406
2.77,59.97933678,-154.9762983
2.77125,59.97932683,-155.0506212
2.7725,59.97931681,-155.1250109
2.77375,59.97930671,-155.1994689
2.775,59.97929654,-155.2739967
2.77625,59.97928628,-155.348596
2.7775,59.97927594,-155.4232684
2.77875,59.97926552,-155.4980158
2.78,59.979255,-155.5728398
2.78125,59.9792444,-155.6477423
2.7825,59.9792337,-155.7227253
2.78375,59.9792229,-155.7977906
2.785,59.97921201,-155.8729404
2.78625,59.97920101,-155.9481767
2.7875,59.9791899,-156.0235018
2.78875,59.97917868,-156.0989177
2.79,59.97916735,-156.174427
2.79125,59.97915589,-156.2500319
2.7925,59.97914431,-156.3257349
2.79375,59.97913261,-156.4015387
2.795,59.97912077,-156.4774458
2.79625,59.9791088,-156.5534591
2.7975,59.97909668,-156.6295814
2.79875,59.97908442,-156.7058157
2.8,59.979072,-156.782165
2.80125,59.97905942,-156.8586325
2.8025,59.97904668,-156.9352215
2.80375,59.97903377,-157.0119355
2.805,59.97902068,-157.0887779
2.80625,59.9790074,-157.1657525
2.8075,59.97899393,-157.2428632
2.80875,59.97898027,-157.3201139
2.81,59.97896639,-157.3975087
2.81125,59.9789523,-157.4750519
2.8125,59.97893799,-157.5527482
2.81375,59.97892344,-157.630602
2.815,59.97890865,-157.7086183
2.81625,59.9788936,-157.7868021
2.8175,59.97887828,-157.8651587
2.81875,59.97886269,-157.9436936
2.82,59.97884682,-158.0224125
2.82125,59.97883064,-158.1013214
2.8225,59.97881414,-158.1804266
2.82375,59.97879732,-158.2597345
2.825,59.97878015,-158.339252
2.82625,59.97876262,-158.4189862
2.8275,59.97874472,-158.4989446
2.82875,59.97872642,-158.5791349
2.83,59.97870771,-158.6595653
2.83125,59.97868856,-158.7402443
2.8325,59.97866896,-158.821181
2.83375,59.97864889,-158.9023847
2.835,59.97862831,-158.9838652
2.83625,59.97860721,-159.065633
2.8375,59.97858555,-159.1476988
2.83875,59.97856332,-159.2300742
2.84,59.97854047,-159.312771
2.84125,59.97851697,-159.3958021
2.8425,59.9784928,-159.4791807
2.84375,59.97846791,-159.5629209
2.845,59.97844227,-159.6470374
2.84625,59.97841582,-159.731546
2.8475,59.97838854,-159.816463
2.84875,59.97836036,-159.9018061
2.85,59.97833123,-159.9875936
2.85125,59.9783011,-160.073845
2.8525,59.97826991,-160.1605812
2.85375,59.97823759,-160.247824
2.855,59.97820408,-160.3355968
2.85625,59.97816929,-160.4239244
2.8575,59.97813315,-160.512833
2.85875,59.97809556,-160.6023507
2.86,59.97805644,-160.6925073
2.86125,59.97801567,-160.7833348
2.8625,59.97797315,-160.874867
2.86375,59.97792875,-160.9671404
2.865,59.97788234,-161.0601938
2.86625,59.97783378,-161.1540688
2.8675,59.9777829,-161.2488101
2.86875,59.97772953,-161.3444657
2.87,59.97767348,-161.4410871
2.87125,59.97761455,-161.5387299
2.8725,59.97755251,-161.6374539
2.87375,59.9774871,-161.7373237
2.875,59.97741804,-161.8384094
2.87625,59.97734503,-161.9407864
2.8775,59.97726773,-162.044537
2.87875,59.97718576,-162.1497503
2.88,59.97709871,-162.2565236
2.88125,59.97700609,-162.3649627
2.8825,59.9769074,-162.4751833
2.88375,59.97680204,-162.5873122
2.885,59.97668936,-162.7014883
2.88625,59.97656862,-162.8178645
2.8875,59.97643898,-162.9366092
2.88875,59.97629949,-163.0579086
2.89,59.97614907,-163.1819688
2.89125,59.9759865,-163.3090186
2.8925,59.97581037,-163.439313
2.89375,59.97561907,-163.5731367
2.895,59.97541073,-163.7108088
2.89625,59.9751832,-163.8526879
2.8975,59.97493396,-163.9991789
2.89875,59.97466009,-164.15074
2.9,59.97435814,-164.3078924
2.90125,59.97402406,-164.4712311
2.9025,59.973653,-164.6414387
2.90375,59.97323921,-164.8193019
2.905,59.97277574,-165.0057326
2.90625,59.9722542,-165.2017929
2.9075,59.97166433,-165.4087286
2.90875,59.97099352,-165.6280093
2.91,59.9702261,-165.8613821
2.91125,59.96934243,-166.11094
2.9125,59.96831762,-166.3792114
2.91375,59.96711977,-166.6692801
2.915,59.96570741,-166.9849462
2.91625,59.96402589,-167.3309465
2.9175,59.96200204,-167.7132622
2.91875,59.95953604,-168.1395553
2.92,59.95648892,-168.619803
2.92125,59.95266262,-169.1672414
2.9225,59.94776711,-169.7998121
2.92375,59.94136406,-170.5424505
2.925,59.93276591,-171.4308511
2.92625,59.92084488,-172.5179455
2.9275,59.90364737,-173.885677
2.92875,59.87755081,-175.6678774
2.93,59.83522388,-178.0985981
2.93125,59.75999851,178.3741293
2.9325,59.60730745,172.7788732
2.93375,59.22573113,162.590762
2.935,57.87044481,139.1146975
2.93625,51.10770562,49.37637214
2.9375,56.78906062,-92.50672625
2.93875,58.99039652,-125.095877
2.94,59.52660054,-137.8115014
2.94125,59.72343963,-144.4037186
2.9425,59.81550711,-148.4158762
2.94375,59.86558006,-151.1166785
2.945,59.8957278,-153.0640935
2.94625,59.91525112,-154.5400296
2.9475,59.92860486,-155.7017592
2.94875,59.93813532,-156.6437738
2.95,59.94517219,-157.4262047
2.95125,59.95051413,-158.0891126
2.9525,59.95466415,-158.6602046
2.95375,59.95795171,-159.1592489
2.955,59.96059991,-159.6007253
2.95625,59.96276411,-159.9954807
2.9575,59.96455524,-160.3518005
2.95875,59.96605416,-160.6761219
2.96,59.96732096,-160.9735216
2.96125,59.96840105,-161.248057
2.9625,59.96932924,-161.5030097
2.96375,59.97013261,-161.7410623
2.965,59.97083245,-161.9644291
2.96625,59.9714457,-162.1749538
2.9675,59.97198596,-162.374184
2.96875,59.97246428,-162.5634287
2.97,59.97288968,-162.7438017
2.97125,59.97326959,-162.9162574
2.9725,59.9736102,-163.0816183
2.97375,59.97391667,-163.2405964
2.975,59.97419333,-163.3938118
2.97625,59.97444386,-163.5418067
2.9775,59.97467139,-163.6850576
2.97875,59.97487857,-163.8239844
2.98,59.97506771,-163.9589592
2.98125,59.97524079,-164.0903123
2.9825,59.97539951,-164.2183385
2.98375,59.97554537,-164.3433012
2.985,59.97567967,-164.4654368
2.98625,59.97580356,-164.5849582
2.9875,59.97591803,-164.7020571
2.98875,59.97602398,-164.8169072
2.99,59.97612219,-164.9296659
2.99125,59.97621334,-165.040476
2.9925,59.97629807,-165.149468
2.99375,59.97637692,-165.2567608
2.995,59.9764504,-165.3624632
2.99625,59.97651893,-165.4666747
2.9975,59.97658293,-165.5694871
2.99875,59.97664274,-165.6709844
3,59.9766987,-165.7712442
3.00125,59.9767511,-165.8703381
3.0025,59.9768002,-165.9683323
3.00375,59.97684624,-166.0652881
3.005,59.97688946,-166.1612622
3.00625,59.97693003,-166.2563073
3.0075,59.97696816,-166.3504726
3.00875,59.977004,-166.4438036
3.01,59.97703771,-166.5363428
3.01125,59.97706942,-166.62813
3.0125,59.97709928,-166.7192022
3.01375,59.9771274,-166.8095942
3.015,59.97715388,-166.8993383
3.01625,59.97717883,-166.988465
3.0175,59.97720234,-167.077003
3.01875,59.9772245,-167.1649789
3.02,59.97724539,-167.2524182
3.02125,59.97726507,-167.3393444
3.0225,59.97728363,-167.42578
3.02375,59.97730113,-167.511746
3.025,59.97731761,-167.5972623
3.02625,59.97733315,-167.6823478
3.0275,59.97734779,-167.7670201
3.02875,59.97736157,-167.8512961
3.03,59.97737455,-167.9351916
3.03125,59.97738677,-168.0187218
3.0325,59.97739826,-168.1019008
3.03375,59.97740906,-168.1847422
3.035,59.97741921,-168.2672589
3.03625,59.97742874,-168.3494631
3.0375,59.97743768,-168.4313664
3.03875,59.97744605,-168.5129798
3.04,59.97745389,-168.5943138
3.04125,59.97746122,-168.6753784
3.0425,59.97746806,-168.7561833
3.04375,59.97747444,-168.8367373
3.045,59.97748038,-168.9170493
3.04625,59.97748589,-168.9971275
3.0475,59.977491,-169.0769798
3.04875,59.97749572,-169.1566138
3.05,59.97750008,-169.2360366
3.05125,59.97750408,-169.3152552
3.0525,59.97750774,-169.3942762
3.05375,59.97751108,-169.4731059
3.055,59.9775141,-169.5517504
3.05625,59.97751683,-169.6302154
3.0575,59.97751927,-169.7085066
3.05875,59.97752144,-169.7866292
3.06,59.97752335,-169.8645885
3.06125,59.977525,-169.9423892
3.0625,59.97752641,-170.0200362
3.06375,59.97752759,-170.097534
3.065,59.97752854,-170.174887
3.06625,59.97752928,-170.2520992
3.0675,59.97752981,-170.3291748
3.06875,59.97753013,-170.4061177
3.07,59.97753027,-170.4829315
3.07125,59.97753022,-170.5596199
3.0725,59.97752999,-170.6361864
3.07375,59.97752959,-170.7126342
3.075,59.97752903,-170.7889666
3.07625,59.9775283,-170.8651867
3.0775,59.97752742,-170.9412975
3.07875,59.97752639,-171.0173019
3.08,59.97752522,-171.0932027
3.08125,59.9775239,-171.1690025
3.0825,59.97752245,-171.2447039
3.08375,59.97752088,-171.3203095
3.085,59.97751917,-171.3958218
3.08625,59.97751735,-171.4712429
3.0875,59.97751541,-171.5465752
3.08875,59.97751335,-171.621821
3.09,59.97751118,-171.6969822
3.09125,59.97750891,-171.7720611
3.0925,59.97750654,-171.8470595
3.09375,59.97750406,-171.9219793
3.095,59.97750149,-171.9968225
3.09625,59.97749882,-172.0715909
3.0975,59.97749607,-172.1462862
3.09875,59.97749322,-172.22091
3.1,59.9774903,-172.2954641
3.10125,59.97748728,-172.3699501
3.1025,59.97748419,-172.4443694
3.10375,59.97748102,-172.5187236
3.105,59.97747777,-172.5930141
3.10625,59.97747445,-172.6672423
3.1075,59.97747106,-172.7414097
3.10875,59.9774676,-172.8155175
3.11,59.97746408,-172.8895671
3.11125,59.97746048,-172.9635596
3.1125,59.97745683,-173.0374964
3.11375,59.97745311,-173.1113786
3.115,59.97744933,-173.1852073
3.11625,59.97744549,-173.2589837
3.1175,59.9774416,-173.3327088
3.11875,59.97743765,-173.4063838
3.12,59.97743365,-173.4800096
3.12125,59.9774296,-173.5535873
3.1225,59.97742549,-173.6271178
3.12375,59.97742134,-173.7006021
3.125,59.97741714,-173.7740411
3.12625,59.97741289,-173.8474357
3.1275,59.97740859,-173.9207868
3.12875,59.97740425,-173.9940952
3.13,59.97739987,-174.0673618
3.13125,59.97739544,-174.1405873
3.1325,59.97739098,-174.2137727
3.13375,59.97738647,-174.2869186
3.135,59.97738192,-174.3600257
3.13625,59.97737734,-174.4330949
3.1375,59.97737272,-174.5061268
3.13875,59.97736806,-174.5791222
3.14,59.97736337,-174.6520816
3.14125,59.97735864,-174.7250059
3.1425,59.97735388,-174.7978955
3.14375,59.97734909,-174.8707512
3.145,59.97734426,-174.9435736
3.14625,59.9773394,-175.0163632
3.1475,59.97733451,-175.0891207
3.14875,59.9773296,-175.1618466
3.15,59.97732465,-175.2345414
3.15125,59.97731967,-175.3072058
3.1525,59.97731467,-175.3798403
3.15375,59.97730964,-175.4524454
3.155,59.97730458,-175.5250215
3.15625,59.9772995,-175.5975693
3.1575,59.97729439,-175.6700891
3.15875,59.97728926,-175.7425814
3.16,59.9772841,-175.8150468
3.16125,59.97727892,-175.8874857
3.1625,59.97727371,-175.9598985
3.16375,59.97726849,-176.0322856
3.165,59.97726324,-176.1046475
3.16625,59.97725797,-176.1769846
3.1675,59.97725267,-176.2492973
3.16875,59.97724736,-176.321586
3.17,59.97724203,-176.3938511
3.17125,59.97723668,-176.4660929
3.1725,59.9772313,-176.5383119
3.17375,59.97722591,-176.6105084
3.175,59.9772205,-176.6826828
3.17625,59.97721507,-176.7548354
3.1775,59.97720963,-176.8269665
3.17875,59.97720416,-176.8990766
3.18,59.97719868,-176.9711659
3.18125,59.97719318,-177.0432347
3.1825,59.97718767,-177.1152834
3.18375,59.97718214,-177.1873122
3.185,59.97717659,-177.2593216
3.18625,59.97717103,-177.3313117
3.1875,59.97716546,-177.4032828
3.18875,59.97715986,-177.4752354
3.19,59.97715426,-177.5471695
3.19125,59.97714864,-177.6190856
3.1925,59.977143,-177.6909838
3.19375,59.97713736,-177.7628645
3.195,59.9771317,-177.8347278
3.19625,59.97712602,-177.9065742
3.1975,59.97712033,-177.9784037
3.19875,59.97711463,-178.0502166
3.2,59.97710892,-178.1220133
3.20125,59.9771032,-178.1937938
3.2025,59.97709746,-178.2655585
3.20375,59.97709171,-178.3373076
3.205,59.97708595,-178.4090413
3.20625,59.97708018,-178.4807598
3.2075,59.9770744,-178.5524633
3.20875,59.97706861,-178.624152
3.21,59.97706281,-178.6958262
3.21125,59.97705699,-178.767486
3.2125,59.97705117,-178.8391317
3.21375,59.97704533,-178.9107634
3.215,59.97703949,-178.9823814
3.21625,59.97703364,-179.0539858
3.2175,59.97702777,-179.1255767
3.21875,59.9770219,-179.1971545
3.22,59.97701602,-179.2687192
3.22125,59.97701013,-179.3402711
3.2225,59.97700423,-179.4118103
3.22375,59.97699832,-179.4833369
3.225,59.9769924,-179.5548512
3.22625,59.97698648,-179.6263533
3.2275,59.97698054,-179.6978434
3.22875,59.9769746,-179.7693216
3.23,59.97696865,-179.8407881
3.23125,59.9769627,-179.9122431
3.2325,59.97695673,-179.9836866
3.23375,59.97695076,179.9448812
3.235,59.97694478,179.87346
3.23625,59.97693879,179.8020499
3.2375,59.9769328,179.7306506
3.23875,59.9769268,179.659262
3.24,59.97692079,179.5878839
3.24125,59.97691477,179.5165163
3.2425,59.97690875,179.445159
3.24375,59.97690272,179.3738119
3.245,59.97689669,179.3024748
3.24625,59.97689065,179.2311476
3.2475,59.9768846,179.1598303
3.24875,59.97687855,179.0885226
3.25,59.97687249,179.0172244
3.25125,59.97686642,178.9459358
3.2525,59.97686035,178.8746564
3.25375,59.97685427,178.8033862
3.255,59.97684819,178.7321252
3.25625,59.9768421,178.6608731
3.2575,59.97683601,178.5896299
3.25875,59.97682991,178.5183955
3.26,59.9768238,178.4471698
3.26125,59.97681769,178.3759526
3.2625,59.97681158,178.3047439
3.26375,59.97680546,178.2335436
3.265,59.97679933,178.1623516
3.26625,59.9767932,178.0911677
3.2675,59.97678707,178.0199918
3.26875,59.97678093,177.948824
3.27,59.97677479,177.8776641
3.27125,59.97676864,177.8065119
3.2725,59.97676248,177.7353675
3.27375,59.97675633,177.6642307
3.275,59.97675016,177.5931014
3.27625,59.976744,177.5219795
3.2775,59.97673783,177.450865
3.27875,59.97673165,177.3797578
3.28,59.97672547,177.3086578
3.28125,59.97671929,177.2375649
3.2825,59.9767131,177.166479
3.28375,59.97670691,177.0954001
3.285,59.97670072,177.0243281
3.28625,59.97669452,176.9532629
3.2875,59.97668832,176.8822044
3.28875,59.97668211,176.8111525
3.29,59.9766759,176.7401072
3.29125,59.97666969,176.6690684
3.2925,59.97666347,176.5980361
3.29375,59.97665725,176.5270101
3.295,59.97665103,176.4559904
3.29625,59.9766448,176.384977
3.2975,59.97663857,176.3139697
3.29875,59.97663234,176.2429684
3.3,59.9766261,176.1719733
3.30125,59.97661986,176.100984
3.3025,59.97661362,176.0300007
3.30375,59.97660737,175.9590232
3.305,59.97660112,175.8880515
3.30625,59.97659487,175.8170855
3.3075,59.97658861,175.7461251
3.30875,59.97658236,175.6751703
3.31,59.97657609,175.6042211
3.31125,59.97656983,175.5332774
3.3125,59.97656356,175.462339
3.31375,59.97655729,175.391406
3.315,59.97655102,175.3204783
3.31625,59.97654475,175.2495559
3.3175,59.97653847,175.1786387
3.31875,59.97653219,175.1077266
3.32,59.9765259,175.0368196
3.32125,59.97651962,174.9659176
3.3225,59.97651333,174.8950207
3.32375,59.97650704,174.8241286
3.325,59.97650075,174.7532415
3.32625,59.97649445,174.6823591
3.3275,59.97648815,174.6114816
3.32875,59.97648185,174.5406088
3.33,59.97647555,174.4697407
3.33125,59.97646924,174.3988772
3.3325,59.97646294,174.3280184
3.33375,59.97645663,174.257164
3.335,59.97645032,174.1863142
3.33625,59.976444,174.1154689
3.3375,59.97643769,174.044628
3.33875,59.97643137,173.9737914
3.34,59.97642505,173.9029592
3.34125,59.97641873,173.8321312
3.3425,59.9764124,173.7613075
3.34375,59.97640608,173.690488
3.345,59.97639975,173.6196727
3.34625,59.97639342,173.5488615
3.3475,59.97638708,173.4780544
3.34875,59.97638075,173.4072513
3.35,59.97637441,173.3364522
3.35125,59.97636808,173.2656571
3.3525,59.97636174,173.1948659
3.35375,59.97635539,173.1240786
3.355,59.97634905,173.0532952
3.35625,59.9763427,172.9825156
3.3575,59.97633636,172.9117397
3.35875,59.97633001,172.8409676
3.36,59.97632366,172.7701992
3.36125,59.97631731,172.6994345
3.3625,59.97631095,172.6286734
3.36375,59.9763046,172.5579159
3.365,59.97629824,172.487162
3.36625,59.97629188,172.4164116
3.3675,59.97628552,172.3456648
3.36875,59.97627916,172.2749214
3.37,59.97627279,172.2041814
3.37125,59.97626643,172.1334449
3.3725,59.97626006,172.0627117
3.37375,59.97625369,171.9919819
3.375,59.97624732,171.9212553
3.37625,59.97624095,171.8505321
3.3775,59.97623458,171.7798121
3.37875,59.9762282,171.7090954
3.38,59.97622183,171.6383818
3.38125,59.97621545,171.5676714
3.3825,59.97620907,171.4969641
3.38375,59.97620269,171.42626
3.385,59.97619631,171.3555589
3.38625,59.97618993,171.2848609
3.3875,59.97618354,171.2141659
3.38875,59.97617716,171.1434739
3.39,59.97617077,171.0727848
3.39125,59.97616438,171.0020987
3.3925,59.97615799,170.9314155
3.39375,59.9761516,170.8607353
3.395,59.97614521,170.7900578
3.39625,59.97613881,170.7193833
3.3975,59.97613242,170.6487115
3.39875,59.97612602,170.5780425
3.4,59.97611962,170.5073763
3.40125,59.97611322,170.4367128
3.4025,59.97610682,170.3660521
3.40375,59.97610042,170.295394
3.405,59.97609402,170.2247386
3.40625,59.97608762,170.1540859
3.4075,59.97608121,170.0834357
3.40875,59.97607481,170.0127882
3.41,59.9760684,169.9421432
3.41125,59.97606199,169.8715008
3.4125,59.97605558,169.800861
3.41375,59.97604917,169.7302236
3.415,59.97604276,169.6595887
3.41625,59.97603635,169.5889563
3.4175,59.97602993,169.5183264
3.41875,59.97602352,169.4476989
3.42,59.9760171,169.3770737
3.42125,59.97601068,169.306451
3.4225,59.97600426,169.2358306
3.42375,59.97599784,169.1652126
3.425,59.97599142,169.0945969
3.42625,59.975985,169.0239835
3.4275,59.97597858,168.9533723
3.42875,59.97597215,168.8827635
3.43,59.97596573,168.8121568
3.43125,59.9759593,168.7415525
3.4325,59.97595288,168.6709503
3.43375,59.97594645,168.6003503
3.435,59.97594002,168.5297525
3.43625,59.97593359,168.4591568
3.4375,59.97592716,168.3885632
3.43875,59.97592072,168.3179718
3.44,59.97591429,168.2473825
3.44125,59.97590786,168.1767953
3.4425,59.97590142,168.1062101
3.44375,59.97589498,168.0356269
3.445,59.97588855,167.9650458
3.44625,59.97588211,167.8944668
3.4475,59.97587567,167.8238897
3.44875,59.97586923,167.7533146
3.45,59.97586279,167.6827414
3.45125,59.97585635,167.6121702
3.4525,59.9758499,167.5416009
3.45375,59.97584346,167.4710336
3.455,59.97583701,167.4004681
3.45625,59.97583057,167.3299046
3.4575,59.97582412,167.2593429
3.45875,59.97581767,167.188783
3.46,59.97581122,167.118225
3.46125,59.97580477,167.0476688
3.4625,59.97579832,166.9771144
3.46375,59.97579187,166.9065619
3.465,59.97578542,166.8360111
3.46625,59.97577896,166.765462
3.4675,59.97577251,166.6949147
3.46875,59.97576605,166.6243692
3.47,59.9757596,166.5538254
3.47125,59.97575314,166.4832832
3.4725,59.97574668,166.4127428
3.47375,59.97574022,166.3422041
3.475,59.97573376,166.271667
3.47625,59.9757273,166.2011316
3.4775,59.97572084,166.1305978
3.47875,59.97571437,166.0600657
3.48,59.97570791,165.9895351
3.48125,59.97570144,165.9190062
3.4825,59.97569498,165.8484789
3.48375,59.97568851,165.7779531
3.485,59.97568204,165.7074289
3.48625,59.97567557,165.6369063
3.4875,59.9756691,165.5663852
3.48875,59.97566263,165.4958656
3.49,59.97565616,165.4253475
3.49125,59.97564969,165.354831
3.4925,59.97564321,165.2843159
3.49375,59.97563674,165.2138023
3.495,59.97563026,165.1432902
3.49625,59.97562379,165.0727795
3.4975,59.97561731,165.0022703
3.49875,59.97561083,164.9317626
3.5,59.97560435,164.8612562
